{
    "rmse": 0.6602487018298422,
    "mae": 0.5277736105028362,
    "r2": 0.31991794261957784
}